;question;answer;ground_truth;contexts;source
0;What is the primary goal of data science in relation to the data it extracts knowledge from?;The primary goal of data science is to extract useful knowledge from the data.;The primary goal of data science is to extract useful knowledge from data.;['Data science is the study of the extraction of knowledge from data. It uses various techniques from many fields, including signal processing, mathematics, probability, machine learning, computer programming, statistics, data engineering, pattern matching, and data visualization, with the goal of extracting useful knowledge from the data. With computer systems able to handle more data, big data is an important aspect of data science.'];https://simple.wikipedia.org/wiki/Data%20science
1;What skills do data scientists typically use to solve complicated data problems?;Mathematics, statistics, and computer science;A data scientist typically uses mathematics, statistics, and computer science.;['A person that does data science is called a data scientist. Data scientists solve complicated data problems using mathematics, statistics and computer science, although very good skill in these subjects are not required. However, a data scientist is most likely to be an expert in only one or two of these disciplines, meaning that cross disciplinary teams can be a key component of data science.'];https://simple.wikipedia.org/wiki/Data%20science
2;What is a key characteristic of a good data scientist's skill set?;A good data scientist's skills and competencies vary widely, allowing them to apply their skills to achieve many kinds of purposes.;Good data scientists can apply their diverse skills to achieve a wide range of purposes, with their competencies varying significantly.;['Good data scientists are able to apply their skills to achieve many kinds of purposes. Their skills and competencies vary widely. References'];https://simple.wikipedia.org/wiki/Data%20science
3;What is the primary function of a data structure in computer science?;The primary function of a data structure is to organize information in a computer so that it can be more easily understood and worked with.;The primary function of a data structure in computer science is to organize and implement values and information in a way that makes it easier to understand and work with on a computer.;['In computer science, a data structure is the organization and implementation of values and information. In simple words, it is the way of organizing information in a computer so that it can be more easily understood and worked with. Data structures are different from abstract data types in the way they are used. Data structures are the implementations of abstract data types in a concrete and physical setting. They do this by using algorithms. This can be seen in the relationship between the list (abstract data type) and the linked list (data structure). A list contains a sequence of values or bits of information. A linked list also has a “pointer” or “reference” between each node of information that points to the next item and the previous one. This allows one to go forwards or backwards in the list. Furthermore, data structures are often optimized for certain operations. Finding the best data structure when solving a problem is an important part of programming. Data structure is a systematic way to store data'];https://simple.wikipedia.org/wiki/Data%20structure
4;What is the primary characteristic of the elements stored in an array data structure?;The elements in an array are of the same type, such as Integer, Floats, or String.;The elements stored in an array can hold several values of the same type like integer, floats, string, etc.;['The simplest type of data structure is a linear array. Also known as a one-dimensional array. An array holds several values of the same type (Integer, Floats, String, etc.). Accessing elements within the array is very fast. An array is normally of fixed size. After the size of the array is defined at the start, it may not be possible to increase the size of the array without creating a new larger array and copying all values into the new array. In computer science, an array data structure or simply an array is a data structure consisting of a collection of elements (values or variables), each identified by at least one array index or key. An array is stored so that the position of each element can be computed from its index tuple by a mathematical formula.'];https://simple.wikipedia.org/wiki/Data%20structure
5;How are elements in an array stored in memory, and what determines their memory address?;Elements in an array are stored in contiguous memory locations, and the memory address of each element is determined by the base address plus the product of the index and the size of each element.;"Elements in an array are stored in contiguous memory locations, with their memory address determined by the base address of the array plus the size of each element multiplied by the element's index; for example, in an array of 10 integers with a base address of 2000, the element with index i would have the address 2000 + 4 × i (e.g., indices 0 through 9 would be stored at addresses 2000, 2004, 2008, ..., 2036).";['For example, an array of 10 integer variables, with indices 0 through 9, may be stored as 10 words at memory addresses 2000, 2004, 2008, 2036, so that the element with index i has the address 2000 + 4 × i.'];https://simple.wikipedia.org/wiki/Data%20structure
6;What is another term sometimes used to refer to two-dimensional arrays in computing?;Matrices;Two-dimensional arrays are called matrices.;"['As the mathematical concept of a matrix can be represented as a two-dimensional grid, two-dimensional arrays are also sometimes called matrices. In some cases the term ""vector"" is used in computing to refer to an array, although tuples rather than vectors are the more correct mathematical equivalent. Arrays are often used to implement tables, especially look up tables; the word table is sometimes used as a synonym of array.']";https://simple.wikipedia.org/wiki/Data%20structure
7;What is unique about how arrays interact with computer memory?;Arrays effectively exploit the addressing logic of computers, and in most modern computers, the memory is a one-dimensional array of words, whose indices are their addresses.;Arrays are exploiting the addressing logic of computers, whereby (vector) processors are often optimized for array operations.;['Arrays are among the oldest and most important data structures, and are used by almost every program. They can also be used to implement many other data structures, such as lists and strings. They effectively exploit the addressing logic of computers. In most modern computers and many external storage devices, the memory is a one-dimensional array of words, whose indices are their addresses. Processors, especially vector processors, are often optimized for array operations.'];https://simple.wikipedia.org/wiki/Data%20structure
8;What is a key benefit of using arrays in data structures, and how does it impact the processing of elements?;A key benefit of using arrays is that element indices can be computed at run time, allowing a single iterative statement to process arbitrarily many elements of an array.;A key benefit of arrays in terms of processing elements is that their indices can be computed at run time, allowing a single iterative statement to efficiently process many elements.;['Arrays are useful because the element indices can be computed at run time. Among other things, this feature allows a single iterative statement to process arbitrarily many elements of an array. For that reason, the elements of an array data structure are required to have the same size and should use the same data representation. The set of valid index tuples and the addresses of the elements (and hence the element addressing formula) are usually, but not always, fixed while the array is in use.'];https://simple.wikipedia.org/wiki/Data%20structure
9;What is the primary function of an array data type in high-level programming languages?;An array data type consists of a collection of values or variables that can be selected by one or more indices computed at run-time.;An array data type is a collection of values or variables that can be selected by one or more indexes calculated at run time, typically implemented by an array, but also by a hash table, linked list, search tree, or other data type.;"['The term array is often used to mean array data type, a kind of data type provided by most high-level programming languages that consists of a collection of values or variables that can be selected by one or more indices computed at run-time. Array types are often implemented by array structures; however, in some languages they may be implemented by hash tables, linked lists, search trees, or other data structures.']";https://simple.wikipedia.org/wiki/Data%20structure
10;What are the two primary components that make up a linked data structure, and how are they commonly referred to?;A linked data structure consists of nodes (the data) and pointers (the references that link the data together).;The two primary components of a linked data struturce are nodes, which represents the data, and pointers, which are the references.;['A linked data structure is a set of information/data linked together by references. The data are often called nodes. The references are often called links or pointers. From here on, the words node and pointer will be used for these concepts.'];https://simple.wikipedia.org/wiki/Data%20structure
11;What operations are typically performed on pointers in linked data structures?;Pointers in linked data structures are typically only dereferenced or compared for equality.;In linked data structures, pointers are typically dereferenced to access elements and compared for equality.;['In linked data structures, pointers are only dereferenced or compared for equality. Thus, linked data structures are different than arrays, which require adding and subtracting pointers.'];https://simple.wikipedia.org/wiki/Data%20structure
12;What types of data structures are linked lists, search trees, and expression trees classified as?;Linked data structures;Linked data structures.;['Linked lists, search trees, and expression trees are all linked data structures. They are also important in algorithms such as topological sort and set union-find.'];https://simple.wikipedia.org/wiki/Data%20structure
13;What everyday objects can be used to illustrate the concept of a stack in data structures?;A stack of plates or books.;A stack of plates, a pile of books, or a stack of trays illustrate the basic concept of a stack data structure.;['A stack is a basic data structure that can be logically thought as linear structure represented by a real physical stack or pile, a structure where insertion and deletion of items takes place at one end called top of the stack. The basic concept can be illustrated by thinking of your data set as a stack of plates or books where you can only take the top item off the stack in order to remove things from it. This structure is used all throughout programming.'];https://simple.wikipedia.org/wiki/Data%20structure
14;What is the fundamental concept that combines a value range with permissible operations in computer science?;A data type;A data type typically combines a value range with permissible operations.;['In computer science, a data type is the combination of a value range with permissible operations. Data type is frequently shortened to type.'];https://simple.wikipedia.org/wiki/Data%20type
15;What is the primary purpose of data types in programming when working with dates?;To allow the programmer to perform operations on a date.;Data types allow programmers to perform operations.;['Programming Data types in programming allow the programmer to perform operations on a date. Every date has an associated data type.'];https://simple.wikipedia.org/wiki/Data%20type
16;What data type is assigned to the date 42 in the Pascal programming language?;Integer;The date 42 in Pascal programming language is the data type integer.;['In the Pascal programming language, the date 42 has the data type integer.'];https://simple.wikipedia.org/wiki/Data%20type
17;What is the range of allowed integer values on an 8-bit computer?;The range includes all whole numbers between -127 and 127.;The range of allowed values includes all whole numbers between -127 and 127.;['The data type integer has a certain range of allowed values. For example on an 8-bit computer, this range includes all whole numbers between -127 and 127. The value 1337, however, is not an allowed integer value.'];https://simple.wikipedia.org/wiki/Data%20type
18;What is the result of using the operation + on two integer dates in the data type integer?;Their combined sum.;It calculates their combined sum.;['Furthermore, the data type integer allows certain operations: The operation + can take two integer dates and calculates their combined sum. There are many more operations. All those operations characterize the data type integer.'];https://simple.wikipedia.org/wiki/Data%20type
19;What is the term used to describe the combination of a specific permissible range and legal operations of a data type?;A concrete data type;A concrete data type is formed.;['A data type forms a unit: Together, the specific permissible range and legal operations, are referred to as a concrete data type.'];https://simple.wikipedia.org/wiki/Data%20type
20;What is implied when a programmer or compiler reads the word 'integer' in the source code?;The values and operations that are allowed.;"When a programmer or compiler reads the word ""integer"" in the source code, it is implied that they understand the specific set of values and operations that are permissible with that data type.";['When a programmer or the compiler read the word integer in the source code, they automatically understand which values and operations are allowed.'];https://simple.wikipedia.org/wiki/Data%20type
21;In which type of programming languages do high-level data types primarily appear?;High-level programming languages;In high-level programming languages.;['Availability High-level Data types are an abstract concept. This concept primarily appears in high-level programming languages.'];https://simple.wikipedia.org/wiki/Data%20type
22;What fundamental concept is explicitly included in virtually all high-level programming languages?;The notion of data type.;The notion of a data type.;['Virtually all high-level programming language explicitly include the notion of data type. Common basic data types may include: integers Boolean values'];https://simple.wikipedia.org/wiki/Data%20type
23;What is the relationship between characters, strings, and real numbers in the context of data types?;Characters and strings are a subset of real numbers, indicating that they can be represented as numerical values within the broader category of real numbers.;Characters are individuals letters whereby strings are a subset of real numbers.;['characters (individual letters) and strings a subset of real numbers'];https://simple.wikipedia.org/wiki/Data%20type
24;What structure concepts are used to combine basic data types into custom data types?;Arrays, sets, and records are used to combine basic data types into custom data types.;Arrays, sets, and records can be combined to custom data types.;['Usually, these and other basic data types can be combined to custom data types using structure concepts like: arrays sets records Low-level'];https://simple.wikipedia.org/wiki/Data%20type
25;What type of programming language does not recognize the notion of data type as presented above?;Assembly language, a low-level programming language.;The notion of data type is unknown in assembly language, a low-level programming language.;['The notion of data type as presented above is unknown in assembly language, a low-level programming language.'];https://simple.wikipedia.org/wiki/Data%20type
26;What types of number values are recognized by modern computers?;Integer number values and real numbers in binary.;Modern computers also know real numbers in binary.;['All computers know integer number values. Modern computers also know real numbers in binary.'];https://simple.wikipedia.org/wiki/Data%20type
27;What is a key characteristic of Assembly language in terms of data type use?;Assembly language does not rigidly enforce proper data type use, allowing for the use of an integer as if it was a real number.;Assembly language is not rigid in enforcing proper data type usage, that is, it does not prevent using an integer as if it was a real number.;['But there is no rigid enforcement of proper “data type” use. Assembly language does not prevent using an integer as if it was a real number.'];https://simple.wikipedia.org/wiki/Data%20type
28;What is the basis of all high-level programming languages?;Assembly language;The basis of all high-level programming languages is the assembly language.;['This is intentional, because assembly language is the basis of all (high-level) programming languages.'];https://simple.wikipedia.org/wiki/Data%20type
29;What are the primary data types typically limited by a processor's machine code?;Register names, memory addresses, and immediate values.;Primary data types are register names, memory addresses, and immediate values.;['Yet, the processor’s machine code sets the limits. Usually, the only “data types” are: register names memory addresses immediate values'];https://simple.wikipedia.org/wiki/Data%20type
30;What factors can be used to further differentiate data types?;Their size, the number of Bytes they occupy, or the number of Bytes the referenced object occupies in the case of memory address.;Beyond their initial classification can  be further differentiated by their size, how many bytes each of those occupy, or in the case of memory address how many bytes the referenced object occupies.;['All of which may be further differentiated by their size, how many Bytes each of those occupy, or—in the case of memory address—how many Bytes the referenced object occupies.'];https://simple.wikipedia.org/wiki/Data%20type
31;What is the primary purpose of a file format in relation to a computer file?;A file format describes how to read or write a computer file and defines what the file may contain in terms of permissible value range.;The file format describes how to read or write a computer file (legal operations) and what this file may contain (permissible value range).;['Related pages File format: describes how to read or write a computer file (legal operations) and what this file may contain (permissible value range)'];https://simple.wikipedia.org/wiki/Data%20type
32;What is a common requirement for variables in computer programming?;A data type;A common requirement for variables is a data type.;['variable: variables in computer programming frequently require a data type Sources Computer science'];https://simple.wikipedia.org/wiki/Data%20type
